username,userEmail,userPassword
u1,u1@example.com,p1
u2,u2@example.com,p2
u3,u3@example.com,p3
u4,u4@example.com,p4
u5,u5@example.com,p5
u6,u6@example.com,p6
u7,u7@example.com,p7
u8,u8@example.com,p8
u9,u9@example.com,p9
u10,u10@example.com,p10
u11,u11@example.com,p11
u12,u12@example.com,p12
u13,u13@example.com,p13
u14,u14@example.com,p14
u15,u15@example.com,p15
u16,u16@example.com,p16
u17,u17@example.com,p17
u18,u18@example.com,p18
u19,u19@example.com,p19
u20,u20@example.com,p20
u21,u21@example.com,p21
u22,u22@example.com,p22
u23,u23@example.com,p23
u24,u24@example.com,p24
u25,u25@example.com,p25
u26,u26@example.com,p26
u27,u27@example.com,p27
u28,u28@example.com,p28
u29,u29@example.com,p29
u30,u30@example.com,p30
